New York,New York
Los Angeles,California
Chicago,Illinois
Houston,Texas
Phoenix,Arizona
Philadelphia,Pennsylvania
San Antonio,Texas
San Diego,California
Dallas,Texas
San Jose,California
Austin,Texas
Jacksonville,Florida
Fort Worth,Texas
Columbus,Ohio
Indianapolis,Indiana
Charlotte,North Carolina
San Francisco,California
Seattle,Washington
Denver,Colorado
Nashville,Tennessee
Oklahoma City,Oklahoma
El Paso,Texas
Boston,Massachusetts
Portland,Oregon
Las Vegas,Nevada
Detroit,Michigan
Memphis,Tennessee
Louisville,Kentucky
Baltimore,Maryland
Milwaukee,Wisconsin
Albuquerque,New Mexico
Tucson,Arizona
Fresno,California
Sacramento,California
Kansas City,Missouri
Mesa,Arizona
Atlanta,Georgia
Omaha,Nebraska
Colorado Springs,Colorado
Raleigh,North Carolina
Long Beach,California
Virginia Beach,Virginia
Miami,Florida
Oakland,California
Minneapolis,Minnesota
Tulsa,Oklahoma
Bakersfield,California
Wichita,Kansas
Arlington,Texas
Aurora,Colorado
Tampa,Florida
New Orleans,Louisiana
Cleveland,Ohio
Honolulu,Hawaii
Anaheim,California
Lexington,Kentucky
Stockton,California
Corpus Christi,Texas
Henderson,Nevada
Riverside,California
Newark,New Jersey
Saint Paul,Minnesota
Santa Ana,California
Cincinnati,Ohio
Irvine,California
Orlando,Florida
Pittsburgh,Pennsylvania
St. Louis,Missouri
Greensboro,North Carolina
Jersey City,New Jersey
Anchorage,Alaska
Lincoln,Nebraska
Plano,Texas
Durham,North Carolina
Buffalo,New York
Chandler,Arizona
Chula Vista,California
Toledo,Ohio
Madison,Wisconsin
Gilbert,Arizona
Reno,Nevada
Fort Wayne,Indiana
North Las Vegas,Nevada
St. Petersburg,Florida
Lubbock,Texas
Irving,Texas
Laredo,Texas
Winstonâ€“Salem,North Carolina
Chesapeake,Virginia
Glendale,Arizona
Garland,Texas
Scottsdale,Arizona
Norfolk,Virginia
Boise,Idaho
Fremont,California
Spokane,Washington
Santa Clarita,California
Baton Rouge,Louisiana
Richmond,Virginia
Hialeah,Florida
San Bernardino,California
Tacoma,Washington
Modesto,California
Huntsville,Alabama
Des Moines,Iowa
Yonkers,New York
Rochester,New York
Moreno Valley,California
Fayetteville,North Carolina
Fontana,California
Columbus,Georgia
Worcester,Massachusetts
Port St. Lucie,Florida
Little Rock,Arkansas
Augusta,Georgia
Oxnard,California
Birmingham,Alabama
Montgomery,Alabama
Frisco,Texas
Amarillo,Texas
Salt Lake City,Utah
Grand Rapids,Michigan
Huntington Beach,California
Overland Park,Kansas
Glendale,California
Tallahassee,Florida
Grand Prairie,Texas
McKinney,Texas
Cape Coral,Florida
Sioux Falls,South Dakota
Peoria,Arizona
Providence,Rhode Island
Vancouver,Washington
Knoxville,Tennessee
Akron,Ohio
Shreveport,Louisiana
Mobile,Alabama
Brownsville,Texas
Newport News,Virginia
Fort Lauderdale,Florida
Chattanooga,Tennessee
Tempe,Arizona
Aurora,Illinois
Santa Rosa,California
Eugene,Oregon
Elk Grove,California
Salem,Oregon
Ontario,California
Cary,North Carolina
Rancho Cucamonga,California
Oceanside,California
Lancaster,California
Garden Grove,California
Pembroke Pines,Florida
Fort Collins,Colorado
Palmdale,California
Springfield,Missouri
Clarksville,Tennessee
Salinas,California
Hayward,California
Paterson,New Jersey
Alexandria,Virginia
Macon,Georgia
Corona,California
Kansas City,Kansas
Lakewood,Colorado
Springfield,Massachusetts
Sunnyvale,California
Jackson,Mississippi
Killeen,Texas
Hollywood,Florida
Murfreesboro,Tennessee
Pasadena,Texas
Bellevue,Washington
Pomona,California
Escondido,California
Joliet,Illinois
Charleston,South Carolina
Mesquite,Texas
Naperville,Illinois
Rockford,Illinois
Bridgeport,Connecticut
Syracuse,New York
Savannah,Georgia
Roseville,California
Torrance,California
Fullerton,California
Surprise,Arizona
McAllen,Texas
Thornton,Colorado
Visalia,California
Olathe,Kansas
Gainesville,Florida
West Valley City,Utah
Orange,California
Denton,Texas
Warren,Michigan
Pasadena,California
Waco,Texas
Cedar Rapids,Iowa
Dayton,Ohio
Elizabeth,New Jersey
Hampton,Virginia
Columbia,South Carolina
Kent,Washington
Stamford,Connecticut
Lakewood,New Jersey
Victorville,California
Miramar,Florida
Coral Springs,Florida
Sterling Heights,Michigan
New Haven,Connecticut
Carrollton,Texas
Midland,Texas
Norman,Oklahoma
Santa Clara,California
Athens,Georgia
Thousand Oaks,California
Topeka,Kansas
Simi Valley,California
Columbia,Missouri
Vallejo,California
Fargo,North Dakota
Allentown,Pennsylvania
Pearland,Texas
Concord,California
Abilene,Texas
Arvada,Colorado
Berkeley,California
Ann Arbor,Michigan
Independence,Missouri
Rochester,Minnesota
Lafayette,Louisiana
Hartford,Connecticut
College Station,Texas
Clovis,California
Fairfield,California
Palm Bay,Florida
Richardson,Texas
Round Rock,Texas
Cambridge,Massachusetts
Meridian,Idaho
West Palm Beach,Florida
Evansville,Indiana
Clearwater,Florida
Billings,Montana
West Jordan,Utah
Richmond,California
Westminster,Colorado
Manchester,New Hampshire
Lowell,Massachusetts
Wilmington,North Carolina
Antioch,California
Beaumont,Texas
Provo,Utah
North Charleston,South Carolina
Elgin,Illinois
Carlsbad,California
Odessa,Texas
Waterbury,Connecticut
Springfield,Illinois
League City,Texas
Downey,California
Gresham,Oregon
High Point,North Carolina
Broken Arrow,Oklahoma
Peoria,Illinois
Lansing,Michigan
Lakeland,Florida
Pompano Beach,Florida
Costa Mesa,California
Pueblo,Colorado
Lewisville,Texas
Miami Gardens,Florida
Las Cruces,New Mexico
Sugar Land,Texas
Murrieta,California
Ventura,California
Everett,Washington
Temecula,California
Dearborn,Michigan
Santa Maria,California
West Covina,California
El Monte,California
Greeley,Colorado
Sparks,Nevada
Centennial,Colorado
Boulder,Colorado
Sandy Springs,Georgia
Inglewood,California
Edison,New Jersey
South Fulton,Georgia
Green Bay,Wisconsin
Burbank,California
Renton,Washington
Hillsboro,Oregon
El Cajon,California
Tyler,Texas
Davie,Florida
San Mateo,California
Brockton,Massachusetts
Concord,North Carolina
Jurupa Valley,California
Daly City,California
Allen,Texas
Rio Rancho,New Mexico
Rialto,California
Woodbridge,New Jersey
South Bend,Indiana
Spokane Valley,Washington
Norwalk,California
Menifee,California
Vacaville,California
Wichita Falls,Texas
Davenport,Iowa
Quincy,Massachusetts
Chico,California
Lynn,Massachusetts
Lee's Summit,Missouri
New Bedford,Massachusetts
Federal Way,Washington
Clinton,Michigan
Edinburg,Texas
Nampa,Idaho
Roanoke,Virginia